<?xml version="1.0" encoding="UTF-8"?>
<data>
    <record>
      <Country>Afghanistan </Country>
      <Code>+93</Code>
    </record>
    <record>
      <Country>Albania </Country>
      <Code>+355</Code>
    </record>
	<record>
      <Country>Algeria </Country>
      <Code>+213</Code>
    </record>
	<record>
      <Country>American Samoa</Country>
      <Code>+1-684</Code>
    </record>
	<record>
      <Country>Andorra, Principality of </Country>
      <Code>+376</Code>
    </record>
	<record>
      <Country>Angola</Country>
      <Code>+244</Code>
    </record>
	<record>
      <Country>Anguilla </Country>
      <Code>+1-264</Code>
    </record>
	<record>
      <Country>Antarctica</Country>
      <Code>+672</Code>
    </record>
	<record>
      <Country>Antigua and Barbuda</Country>
      <Code>+1-268</Code>
    </record>
	<record>
      <Country>Argentina </Country>
      <Code>+54</Code>
    </record>
	<record>
      <Country>Armenia</Country>
      <Code>+374</Code>
    </record>
    <record>
      <Country>Aruba</Country>
      <Code>+297</Code>
    </record>
	<record>
      <Country>Australia</Country>
      <Code>+61</Code>
    </record>
    <record>
      <Country>Austria</Country>
      <Code>+43</Code>
    </record>
    <record>
      <Country>Azerbaijan or Azerbaidjan (Former Azerbaijan Soviet Socialist Republic)</Country>
      <Code>+994</Code>
    </record>
    <record>
      <Country>Bahamas, Commonwealth of The</Country>
      <Code>+1-242</Code>
    </record>
    <record>
      <Country>Bahrain, Kingdom of (Former Dilmun)</Country>
      <Code>+973</Code>
    </record>
    <record>
      <Country>Bangladesh (Former East Pakistan)</Country>
      <Code>+880</Code>
    </record>
    <record>
      <Country>Barbados </Country>
      <Code>+1-246</Code>
    </record>
    <record>
      <Country>Belarus (Former Belorussian [Byelorussian] Soviet Socialist Republic)</Country>
      <Code>+375</Code>
    </record>
    <record>
      <Country>Belgium </Country>
      <Code>+32</Code>
    </record>
    <record>
      <Country>Belize (Former British Honduras)</Country>
      <Code>+501</Code>
    </record>
    <record>
      <Country>Benin (Former Dahomey)</Country>
      <Code>+229</Code>
    </record>
    <record>
      <Country>Bermuda </Country>
      <Code>+1-441</Code>
    </record>
    <record>
      <Country>Bhutan, Kingdom of</Country>
      <Code>+975</Code>
    </record>
    <record>
      <Country>Bolivia </Country>
      <Code>+591</Code>
    </record>
    <record>
      <Country>Bosnia and Herzegovina </Country>
      <Code>+387</Code>
    </record>
    <record>
      <Country>Botswana (Former Bechuanaland)</Country>
      <Code>+267</Code>
    </record>
    <record>
      <Country>Brazil </Country>
      <Code>+55</Code>
    </record>
    <record>
      <Country>Brunei (Negara Brunei Darussalam) </Country>
      <Code>+673</Code>
    </record>
    <record>
      <Country>Bulgaria </Country>
      <Code>+359</Code>
    </record>
    <record>
      <Country>Burkina Faso (Former Upper Volta)</Country>
      <Code>+226</Code>
    </record>
    <record>
      <Country>Burundi (Former Urundi)</Country>
      <Code>+257</Code>
    </record>
    <record>
      <Country>Cambodia, Kingdom of (Former Khmer Republic, Kampuchea Republic)</Country>
      <Code>+855</Code>
    </record>
    <record>
      <Country>Cameroon (Former French Cameroon)</Country>
      <Code>+237</Code>
    </record>
    <record>
      <Country>Canada </Country>
      <Code>+1</Code>
    </record>
    <record>
      <Country>Cape Verde </Country>
      <Code>+238</Code>
    </record>
    <record>
      <Country>Cayman Islands </Country>
      <Code>+1-345</Code>
    </record>
    <record>
      <Country>Central African Republic </Country>
      <Code>+236</Code>
    </record>
    <record>
      <Country>Chad </Country>
      <Code>+235</Code>
    </record>
    <record>
      <Country>Chile </Country>
      <Code>+56</Code>
    </record>
    <record>
      <Country>China </Country>
      <Code>+86</Code>
    </record>
    <record>
      <Country>Christmas Island </Country>
      <Code>+53</Code>
    </record>
    <record>
      <Country>Cocos (Keeling) Islands </Country>
      <Code>+61</Code>
    </record>
    <record>
      <Country>Colombia </Country>
      <Code>+57</Code>
    </record>
    <record>
      <Country>Comoros, Union of the </Country>
      <Code>+269</Code>
    </record>
    <record>
      <Country>Congo, Democratic Republic of the (Former Zaire) </Country>
      <Code>+243</Code>
    </record>
    <record>
      <Country>Congo, Republic of the</Country>
      <Code>+242</Code>
    </record>
    <record>
      <Country>Cook Islands (Former Harvey Islands)</Country>
      <Code>+682</Code>
    </record>
    <record>
      <Country>Costa Rica </Country>
      <Code>+506</Code>
    </record>
    <record>
      <Country>Cote D'Ivoire (Former Ivory Coast) </Country>
      <Code>+225</Code>
    </record>
    <record>
      <Country>Croatia (Hrvatska) </Country>
      <Code>+385</Code>
    </record>
    <record>
      <Country>Cuba </Country>
      <Code>+53</Code>
    </record>
    <record>
      <Country>Cyprus </Country>
      <Code>+357</Code>
    </record>
    <record>
      <Country>Czech Republic</Country>
      <Code>+420</Code>
    </record>
    <record>
      <Country>Czechoslavakia (Former) See CZ Czech Republic or Slovakia</Country>
      <Code></Code>
    </record>
    <record>
      <Country>Denmark </Country>
      <Code>+45</Code>
    </record>
    <record>
      <Country>Djibouti (Former French Territory of the Afars and Issas, French Somaliland)</Country>
      <Code>+253</Code>
    </record>
    <record>
      <Country>Dominica </Country>
      <Code>+1-767</Code>
    </record>
    <record>
      <Country>Dominican Republic </Country>
      <Code>+1-809 and +1-829  </Code>
    </record>
    <record>
      <Country>East Timor (Former Portuguese Timor)</Country>
      <Code>+670</Code>
    </record>
    <record>
      <Country>Ecuador </Country>
      <Code>+593 </Code>
    </record>
    <record>
      <Country>Egypt (Former United Arab Republic - with Syria)</Country>
      <Code>+20</Code>
    </record>
    <record>
      <Country>El Salvador </Country>
      <Code>+503</Code>
    </record>
    <record>
      <Country>Equatorial Guinea (Former Spanish Guinea)</Country>
      <Code>+240</Code>
    </record>
    <record>
      <Country>Eritrea (Former Eritrea Autonomous Region in Ethiopia)</Country>
      <Code>+291</Code>
    </record>
    <record>
      <Country>Estonia (Former Estonian Soviet Socialist Republic)</Country>
      <Code>+372</Code>
    </record>
    <record>
      <Country>Ethiopia (Former Abyssinia, Italian East Africa)</Country>
      <Code>+251</Code>
    </record>
    <record>
      <Country>Falkland Islands (Islas Malvinas) </Country>
      <Code>+500</Code>
    </record>
    <record>
      <Country>Faroe Islands </Country>
      <Code>+298</Code>
    </record>
    <record>
      <Country>Fiji </Country>
      <Code>+679</Code>
    </record>
    <record>
      <Country>Finland </Country>
      <Code>+358</Code>
    </record>
    <record>
      <Country>France </Country>
      <Code>+33</Code>
    </record>
    <record>
      <Country>French Guiana or French Guyana </Country>
      <Code>+594</Code>
    </record>
    <record>
      <Country>French Polynesia (Former French Colony of Oceania)</Country>
      <Code>+689</Code>
    </record>
    <record>
      <Country>Gabon (Gabonese Republic)</Country>
      <Code>+241</Code>
    </record>
    <record>
      <Country>Gambia, The </Country>
      <Code>+220</Code>
    </record>
    <record>
      <Country>Georgia (Former Georgian Soviet Socialist Republic)</Country>
      <Code>+995</Code>
    </record>
    <record>
      <Country>Germany </Country>
      <Code>+49</Code>
    </record>
    <record>
      <Country>Ghana (Former Gold Coast)</Country>
      <Code>+233</Code>
    </record>
    <record>
      <Country>Gibraltar </Country>
      <Code>+350</Code>
    </record>
    <record>
      <Country>Greece </Country>
      <Code>+30</Code>
    </record>
    <record>
      <Country>Greenland </Country>
      <Code>+299</Code>
    </record>
    <record>
      <Country>Grenada </Country>
      <Code>+1-473</Code>
    </record>
    <record>
      <Country>Guadeloupe</Country>
      <Code>+590</Code>
    </record>
    <record>
      <Country>Guam</Country>
      <Code>+1-671</Code>
    </record>
    <record>
      <Country>Guatemala </Country>
      <Code>+502</Code>
    </record>
    <record>
      <Country>Guinea (Former French Guinea)</Country>
      <Code>+224</Code>
    </record>
    <record>
      <Country>Guinea-Bissau (Former Portuguese Guinea)</Country>
      <Code>+245</Code>
    </record>
    <record>
      <Country>Guyana (Former British Guiana)</Country>
      <Code>+592</Code>
    </record>
    <record>
      <Country>Haiti </Country>
      <Code>+509</Code>
    </record>
    <record>
      <Country>Honduras </Country>
      <Code>+504</Code>
    </record>
    <record>
      <Country>Hong Kong </Country>
      <Code>+852</Code>
    </record>
    <record>
      <Country>Hungary </Country>
      <Code>+36</Code>
    </record>
    <record>
      <Country>Iceland </Country>
      <Code>+354</Code>
    </record>
    <record>
      <Country>India </Country>
      <Code>+91</Code>
    </record>
    <record>
      <Country>Indonesia (Former Netherlands East Indies; Dutch East Indies)</Country>
      <Code>+62</Code>
    </record>
    <record>
      <Country>Iran, Islamic Republic of</Country>
      <Code>+98</Code>
    </record>
    <record>
      <Country>Iraq </Country>
      <Code>+964</Code>
    </record>
    <record>
      <Country>Ireland </Country>
      <Code>+353</Code>
    </record>
    <record>
      <Country>Israel </Country>
      <Code>+972</Code>
    </record>
    <record>
      <Country>Italy </Country>
      <Code>+39</Code>
    </record>
    <record>
      <Country>Jamaica </Country>
      <Code>+1-876</Code>
    </record>
    <record>
      <Country>Japan </Country>
      <Code>+81</Code>
    </record>
    <record>
      <Country>Jordan (Former Transjordan)</Country>
      <Code>+962</Code>
    </record>
    <record>
      <Country>Kazakstan or Kazakhstan (Former Kazakh Soviet Socialist Republic)</Country>
      <Code>+7</Code>
    </record>
    <record>
      <Country>Kenya (Former British East Africa)</Country>
      <Code>+254</Code>
    </record>
    <record>
      <Country>Kiribati (Pronounced keer-ree-bahss) (Former Gilbert Islands)</Country>
      <Code>+686</Code>
    </record>
    <record>
      <Country>Korea, Democratic People's Republic of (North Korea)</Country>
      <Code>+850</Code>
    </record>
    <record>
      <Country>Korea, Republic of (South Korea) </Country>
      <Code>+82</Code>
    </record>
    <record>
      <Country>Kuwait </Country>
      <Code>+965</Code>
    </record>
    <record>
      <Country>Kyrgyzstan (Kyrgyz Republic) (Former Kirghiz Soviet Socialist Republic)</Country>
      <Code>+996</Code>
    </record>
    <record>
      <Country>Lao People's Democratic Republic (Laos)</Country>
      <Code>+856</Code>
    </record>
    <record>
      <Country>Latvia (Former Latvian Soviet Socialist Republic)</Country>
      <Code>+371</Code>
    </record>
    <record>
      <Country>Lebanon </Country>
      <Code>+961</Code>
    </record>
    <record>
      <Country>Lesotho (Former Basutoland)</Country>
      <Code>+266</Code>
    </record>
    <record>
      <Country>Liberia </Country>
      <Code>+231</Code>
    </record>
    <record>
      <Country>Libya (Libyan Arab Jamahiriya)</Country>
      <Code>+218</Code>
    </record>
    <record>
      <Country>Liechtenstein </Country>
      <Code>+423</Code>
    </record>
    <record>
      <Country>Lithuania (Former Lithuanian Soviet Socialist Republic)</Country>
      <Code>+370</Code>
    </record>
    <record>
      <Country>Luxembourg </Country>
      <Code>+352</Code>
    </record>
    <record>
      <Country>Macau </Country>
      <Code>+853</Code>
    </record>
    <record>
      <Country>Macedonia, The Former Yugoslav Republic of</Country>
      <Code>+389</Code>
    </record>
    <record>
      <Country>Madagascar (Former Malagasy Republic)</Country>
      <Code>+261</Code>
    </record>
    <record>
      <Country>Malawi (Former British Central African Protectorate, Nyasaland)</Country>
      <Code>+265</Code>
    </record>
    <record>
      <Country>Malaysia </Country>
      <Code>+60</Code>
    </record>
    <record>
      <Country>Maldives </Country>
      <Code>+960</Code>
    </record>
    <record>
      <Country>Mali (Former French Sudan and Sudanese Republic) </Country>
      <Code>+223</Code>
    </record>
    <record>
      <Country>Malta </Country>
      <Code>+356</Code>
    </record>
    <record>
      <Country>Marshall Islands (Former Marshall Islands District - Trust Territory of the Pacific Islands)</Country>
      <Code>+692</Code>
    </record>
    <record>
      <Country>Martinique (French) </Country>
      <Code>+596</Code>
    </record>
    <record>
      <Country>Mauritania </Country>
      <Code>+222</Code>
    </record>
    <record>
      <Country>Mauritius </Country>
      <Code>+230</Code>
    </record>
    <record>
      <Country>Mayotte (Territorial Collectivity of Mayotte)</Country>
      <Code>+269</Code>
    </record>
    <record>
      <Country>Mexico </Country>
      <Code>+52</Code>
    </record>
    <record>
      <Country>Micronesia, Federated States of (Former Ponape, Truk, and Yap Districts - Trust Territory of the Pacific Islands)</Country>
      <Code>+691</Code>
    </record>
    <record>
      <Country>Moldova, Republic of</Country>
      <Code>+373</Code>
    </record>
    <record>
      <Country>Monaco, Principality of</Country>
      <Code>+377</Code>
    </record>
    <record>
      <Country>Mongolia (Former Outer Mongolia)</Country>
      <Code>+976</Code>
    </record>
    <record>
      <Country>Montserrat </Country>
      <Code>+1-664</Code>
    </record>
    <record>
      <Country>Morocco </Country>
      <Code>+212</Code>
    </record>
    <record>
      <Country>Mozambique (Former Portuguese East Africa)</Country>
      <Code>+258</Code>
    </record>
    <record>
      <Country>Myanmar, Union of (Former Burma)</Country>
      <Code>+95</Code>
    </record>
    <record>
      <Country>Namibia (Former German Southwest Africa, South-West Africa)</Country>
      <Code>+264</Code>
    </record>
    <record>
      <Country>Nauru (Former Pleasant Island)</Country>
      <Code>+674</Code>
    </record>
    <record>
      <Country>Nepal </Country>
      <Code>+977</Code>
    </record>
    <record>
      <Country>Netherlands </Country>
      <Code>+31</Code>
    </record>
    <record>
      <Country>Netherlands Antilles (Former Curacao and Dependencies)</Country>
      <Code>+599</Code>
    </record>
    <record>
      <Country>New Caledonia </Country>
      <Code>+687</Code>
    </record>
    <record>
      <Country>New Zealand (Aotearoa) </Country>
      <Code>+64</Code>
    </record>
    <record>
      <Country>Nicaragua </Country>
      <Code>+505</Code>
    </record>
    <record>
      <Country>Niger </Country>
      <Code>+227</Code>
    </record>
    <record>
      <Country>Nigeria </Country>
      <Code>+234</Code>
    </record>
    <record>
      <Country>Niue (Former Savage Island)</Country>
      <Code>+683</Code>
    </record>
    <record>
      <Country>Norfolk Island </Country>
      <Code>+672</Code>
    </record>
    <record>
      <Country>Northern Mariana Islands (Former Mariana Islands District - Trust Territory of the Pacific Islands)</Country>
      <Code>+1-670</Code>
    </record>
    <record>
      <Country>Norway </Country>
      <Code>+47</Code>
    </record>
    <record>
      <Country>Oman, Sultanate of (Former Muscat and Oman)</Country>
      <Code>+968</Code>
    </record>
    <record>
      <Country>Pakistan (Former West Pakistan)</Country>
      <Code>+92</Code>
    </record>
    <record>
      <Country>Palau (Former Palau District - Trust Terriroty of the Pacific Islands)</Country>
      <Code>+680</Code>
    </record>
    <record>
      <Country>Palestinian State (Proposed)</Country>
      <Code>+970</Code>
    </record>
    <record>
      <Country>Panama </Country>
      <Code>+507</Code>
    </record>
    <record>
      <Country>Papua New Guinea (Former Territory of Papua and New Guinea)</Country>
      <Code>+675</Code>
    </record>
    <record>
      <Country>Paraguay </Country>
      <Code>+595</Code>
    </record>
    <record>
      <Country>Peru </Country>
      <Code>+51</Code>
    </record>
    <record>
      <Country>Philippines </Country>
      <Code>+63</Code>
    </record>
    <record>
      <Country>Poland </Country>
      <Code>+48</Code>
    </record>
    <record>
      <Country>Portugal </Country>
      <Code>+351</Code>
    </record>
    <record>
      <Country>Puerto Rico </Country>
      <Code>+1-787 or +1-939</Code>
    </record>
    <record>
      <Country>Qatar, State of </Country>
      <Code>+974 </Code>
    </record>
    <record>
      <Country>Reunion (French) (Former Bourbon Island)</Country>
      <Code>+262</Code>
    </record>
    <record>
      <Country>Romania </Country>
      <Code>+40</Code>
    </record>
    <record>
      <Country>Russian Federation </Country>
      <Code>+7</Code>
    </record>
    <record>
      <Country>Rwanda (Rwandese Republic) (Former Ruanda)</Country>
      <Code>+250</Code>
    </record>
    <record>
      <Country>Saint Helena </Country>
      <Code>+290</Code>
    </record>
    <record>
      <Country>Saint Kitts and Nevis (Former Federation of Saint Christopher and Nevis)</Country>
      <Code>+1-869</Code>
    </record>
    <record>
      <Country>Saint Lucia </Country>
      <Code>+1-758</Code>
    </record>
    <record>
      <Country>Saint Pierre and Miquelon </Country>
      <Code>+508</Code>
    </record>
    <record>
      <Country>Saint Vincent and the Grenadines </Country>
      <Code>+1-784</Code>
    </record>
    <record>
      <Country>Samoa (Former Western Samoa)</Country>
      <Code>+685</Code>
    </record>
    <record>
      <Country>San Marino </Country>
      <Code>+378</Code>
    </record>
    <record>
      <Country>Sao Tome and Principe </Country>
      <Code>+239</Code>
    </record>
    <record>
      <Country>Saudi Arabia </Country>
      <Code>+966</Code>
    </record>
    <record>
      <Country>Senegal </Country>
      <Code>+221</Code>
    </record>
    <record>
      <Country>Seychelles </Country>
      <Code>+248</Code>
    </record>
    <record>
      <Country>Sierra Leone </Country>
      <Code>+232</Code>
    </record>
    <record>
      <Country>Singapore </Country>
      <Code>+65</Code>
    </record>
    <record>
      <Country>Slovakia</Country>
      <Code>+421</Code>
    </record>
    <record>
      <Country>Slovenia </Country>
      <Code>+386</Code>
    </record>
    <record>
      <Country>Solomon Islands (Former British Solomon Islands)</Country>
      <Code>+677</Code>
    </record>
    <record>
      <Country>Somalia (Former Somali Republic, Somali Democratic Republic) </Country>
      <Code>+252</Code>
    </record>
    <record>
      <Country>South Africa (Former Union of South Africa)</Country>
      <Code>+27</Code>
    </record>
    <record>
      <Country>Spain </Country>
      <Code>+34</Code>
    </record>
    <record>
      <Country>Sri Lanka (Former Serendib, Ceylon) </Country>
      <Code>+94</Code>
    </record>
    <record>
      <Country>Sudan (Former Anglo-Egyptian Sudan) </Country>
      <Code>+249</Code>
    </record>
    <record>
      <Country>Suriname (Former Netherlands Guiana, Dutch Guiana)</Country>
      <Code>+597</Code>
    </record>
    <record>
      <Country>Swaziland, Kingdom of </Country>
      <Code>+268</Code>
    </record>
    <record>
      <Country>Sweden </Country>
      <Code>+46</Code>
    </record>
    <record>
      <Country>Switzerland </Country>
      <Code>+41</Code>
    </record>
    <record>
      <Country>Syria (Syrian Arab Republic) (Former United Arab Republic - with Egypt)</Country>
      <Code>+963</Code>
    </record>
    <record>
      <Country>Taiwan (Former Formosa)</Country>
      <Code>+886</Code>
    </record>
    <record>
      <Country>Tajikistan (Former Tajik Soviet Socialist Republic)</Country>
      <Code>+992</Code>
    </record>
    <record>
      <Country>Tanzania, United Republic of (Former United Republic of Tanganyika and Zanzibar)</Country>
      <Code>+255</Code>
    </record>
    <record>
      <Country>Thailand (Former Siam)</Country>
      <Code>+66</Code>
    </record>
    <record>
      <Country>Tokelau </Country>
      <Code>+690</Code>
    </record>
    <record>
      <Country>Tonga, Kingdom of (Former Friendly Islands)</Country>
      <Code>+676</Code>
    </record>
    <record>
      <Country>Trinidad and Tobago </Country>
      <Code>+1-868</Code>
    </record>
    <record>
      <Country>Tunisia </Country>
      <Code>+216</Code>
    </record>
    <record>
      <Country>Turkey </Country>
      <Code>+90</Code>
    </record>
    <record>
      <Country>Turkmenistan (Former Turkmen Soviet Socialist Republic)</Country>
      <Code>+993</Code>
    </record>
    <record>
      <Country>Turks and Caicos Islands </Country>
      <Code>+1-649</Code>
    </record>
    <record>
      <Country>Tuvalu (Former Ellice Islands)</Country>
      <Code>+688</Code>
    </record>
    <record>
      <Country>Uganda, Republic of</Country>
      <Code>+256</Code>
    </record>
    <record>
      <Country>Ukraine (Former Ukrainian National Republic, Ukrainian State, Ukrainian Soviet Socialist Republic)</Country>
      <Code>+380</Code>
    </record>
    <record>
      <Country>United Arab Emirates (UAE) (Former Trucial Oman, Trucial States)</Country>
      <Code>+971</Code>
    </record>
    <record>
      <Country>United Kingdom (Great Britain / UK)</Country>
      <Code>+44</Code>
    </record>
    <record>
      <Country>United States </Country>
      <Code>+1</Code>
    </record>
    <record>
      <Country>Uruguay, Oriental Republic of (Former Banda Oriental, Cisplatine Province)</Country>
      <Code>+598</Code>
    </record>
    <record>
      <Country>Uzbekistan (Former UZbek Soviet Socialist Republic)</Country>
      <Code>+998</Code>
    </record>
    <record>
      <Country>Vanuatu (Former New Hebrides)</Country>
      <Code>+678</Code>
    </record>
    <record>
      <Country>Vatican City State (Holy See)</Country>
      <Code>+418</Code>
    </record>
    <record>
      <Country>Venezuela </Country>
      <Code>+58</Code>
    </record>
    <record>
      <Country>Vietnam </Country>
      <Code>+84</Code>
    </record>
    <record>
      <Country>Virgin Islands, British </Country>
      <Code>+1-284</Code>
    </record>
    <record>
      <Country>Virgin Islands, United States (Former Danish West Indies) </Country>
      <Code>+1-340</Code>
    </record>
    <record>
      <Country>Wallis and Futuna Islands </Country>
      <Code>+681</Code>
    </record>
    <record>
      <Country>Western Sahara (Former Spanish Sahara)</Country>
      <Code></Code>
    </record>
    <record>
      <Country>Yemen </Country>
      <Code>+967</Code>
    </record>
    <record>
      <Country>Yugoslavia </Country>
      <Code></Code>
    </record>
    <record>
      <Country>Zambia, Republic of (Former Northern Rhodesia) </Country>
      <Code>+260</Code>
    </record>
    <record>
      <Country>Zimbabwe, Republic of (Former Southern Rhodesia, Rhodesia) </Country>
      <Code>+263</Code>
    </record>
</data>
